bin,count
0,286
1,278
2,225
3,282
4,298
5,257
6,251
7,265
8,296
9,292
10,286
11,284
12,301
13,260
14,271
15,281
16,275
17,283
18,286
19,281
20,279
21,278
22,299
23,266
24,304
25,470
26,290
27,299
28,311
29,315
30,272
31,257
32,326
33,275
34,282
35,297
36,262
37,290
38,309
39,243
40,428
41,282
42,303
43,275
44,259
45,287
46,431
47,312
48,254
49,254
50,268
51,283
52,291
53,291
54,270
55,293
56,276
57,442
58,307
59,277
60,269
61,294
62,233
63,293
64,281
65,259
66,276
67,295
68,276
69,263
70,266
71,268
72,290
73,262
74,294
75,301
76,289
77,270
78,283
79,281
80,311
81,277
82,281
83,290
84,268
85,292
86,305
87,299
88,249
89,460
90,273
91,299
92,255
93,262
94,474
95,301
96,278
97,468
98,272
99,304
100,287
101,274
102,318
103,273
104,291
105,442
106,308
107,285
108,281
109,313
110,283
111,275
112,471
113,277
114,283
115,262
116,247
117,292
118,288
119,304
120,317
121,290
122,272
123,285
124,270
125,311
126,287
127,268
128,305
129,278
130,419
131,275
132,300
133,295
134,286
135,287
136,301
137,312
138,276
139,269
140,292
141,254
142,281
143,242
144,282
145,310
146,273
147,302
148,265
149,268
150,269
151,268
152,270
153,271
154,310
155,298
156,267
157,303
158,270
159,251
160,260
161,257
162,300
163,283
164,284
165,275
166,446
167,255
168,299
169,288
170,268
171,296
172,298
173,264
174,297
175,288
176,296
177,328
178,308
179,298
180,297
181,280
182,265
183,309
184,306
185,318
186,272
187,291
188,247
189,245
190,279
191,257
192,300
193,280
194,302
195,266
196,295
197,253
198,262
199,495
200,265
201,245
202,440
203,277
204,275
205,284
206,278
207,278
208,295
209,258
210,261
211,278
212,303
213,294
214,297
215,291
216,288
217,288
218,324
219,307
220,291
221,264
222,301
223,275
224,281
225,286
226,260
227,439
228,290
229,282
230,254
231,286
232,278
233,306
234,286
235,254
236,309
237,250
238,268
239,310
240,286
241,295
242,276
243,287
244,247
245,287
246,287
247,297
248,453
249,469
250,325
251,288
252,336
253,295
254,298
255,260
256,295
257,264
258,274
259,270
260,280
261,301
262,271
263,276
264,451
265,282
266,296
267,246
268,297
269,233
270,448
271,269
272,299
273,287
274,302
275,279
276,279
277,273
278,448
279,258
280,296
281,299
282,308
283,263
284,276
285,298
286,267
287,282
288,285
289,297
290,409
291,267
292,301
293,317
294,291
295,259
296,285
297,287
298,265
299,445
300,285
301,259
302,287
303,261
304,276
305,278
306,283
307,281
308,298
309,299
310,268
311,294
312,276
313,294
314,300
315,291
316,304
317,259
318,276
319,277
320,297
321,279
322,301
323,292
324,291
325,465
326,274
327,296
328,254
329,291
330,271
331,275
332,274
333,299
334,277
335,269
336,256
337,273
338,276
339,267
340,295
341,267
342,300
343,305
344,266
345,293
346,296
347,308
348,276
349,316
350,293
351,265
352,274
353,288
354,268
355,289
356,296
357,300
358,444
359,272
360,263
361,285
362,272
363,297
364,299
365,280
366,280
367,273
368,426
369,292
370,274
371,268
372,301
373,325
374,299
375,281
376,290
377,273
378,287
379,286
380,312
381,291
382,261
383,260
384,275
385,244
386,263
387,304
388,277
389,250
390,311
391,269
392,302
393,286
394,283
395,267
396,299
397,295
398,460
399,274
400,251
401,293
402,297
403,274
404,268
405,272
406,274
407,413
408,300
409,287
410,286
411,263
412,312
413,285
414,303
415,260
416,265
417,256
418,288
419,286
420,273
421,235
422,238
423,273
424,305
425,296
426,252
427,315
428,287
429,281
430,280
431,290
432,253
433,282
434,265
435,260
436,262
437,280
438,276
439,289
440,300
441,606
442,281
443,308
444,283
445,280
446,282
447,275
448,272
449,260
450,258
451,292
452,245
453,280
454,295
455,296
456,268
457,314
458,283
459,270
460,290
461,288
462,250
463,304
464,284
465,322
466,433
467,255
468,290
469,287
470,305
471,302
472,283
473,289
474,288
475,255
476,264
477,279
478,286
479,275
480,279
481,277
482,310
483,265
484,285
485,275
486,264
487,261
488,277
489,297
490,303
491,277
492,289
493,300
494,284
495,293
496,284
497,318
498,300
499,312
500,292
501,276
502,278
503,289
504,285
505,289
506,303
507,280
508,330
509,304
510,284
511,283
512,285
513,326
514,270
515,279
516,261
517,318
518,285
519,290
520,268
521,292
522,283
523,276
524,287
525,252
526,451
527,296
528,302
529,277
530,298
531,287
532,427
533,316
534,270
535,286
536,276
537,277
538,248
539,287
540,450
541,271
542,273
543,263
544,310
545,285
546,254
547,299
548,282
549,314
550,294
551,290
552,264
553,270
554,284
555,300
556,303
557,287
558,296
559,279
560,305
561,312
562,264
563,280
564,273
565,294
566,280
567,281
568,278
569,414
570,297
571,267
572,275
573,278
574,294
575,489
576,280
577,286
578,316
579,303
580,250
581,279
582,284
583,288
584,278
585,304
586,294
587,282
588,255
589,288
590,238
591,305
592,270
593,266
594,269
595,283
596,265
597,270
598,277
599,276
600,280
601,288
602,271
603,301
604,275
605,269
606,284
607,275
608,266
609,295
610,297
611,285
612,288
613,285
614,271
615,287
616,263
617,247
618,275
619,296
620,288
621,293
622,290
623,266
624,269
625,274
626,441
627,299
628,268
629,268
630,306
631,288
632,294
633,253
634,288
635,299
636,270
637,288
638,430
639,249
640,324
641,296
642,273
643,306
644,280
645,274
646,446
647,263
648,301
649,286
650,273
651,285
652,287
653,292
654,280
655,278
656,276
657,325
658,281
659,291
660,258
661,299
662,280
663,314
664,286
665,293
666,410
667,295
668,320
669,414
670,279
671,264
672,246
673,289
674,300
675,280
676,258
677,281
678,299
679,271
680,272
681,280
682,454
683,258
684,272
685,265
686,299
687,275
688,270
689,455
690,276
691,280
692,301
693,295
694,261
695,473
696,289
697,283
698,309
699,311
700,293
701,310
702,259
703,280
704,306
705,282
706,432
707,282
708,303
709,282
710,392
711,284
712,277
713,314
714,286
715,294
716,297
717,297
718,308
719,284
720,258
721,303
722,254
723,286
724,288
725,287
726,272
727,299
728,442
729,270
730,275
731,283
732,277
733,282
734,284
735,285
736,294
737,291
738,305
739,295
740,285
741,282
742,286
743,400
744,434
745,271
746,284
747,304
748,398
749,279
750,444
751,288
752,282
753,296
754,298
755,296
756,412
757,266
758,262
759,269
760,285
761,255
762,252
763,269
764,281
765,274
766,287
767,301
768,288
769,279
770,299
771,286
772,296
773,301
774,284
775,302
776,298
777,306
778,279
779,285
780,286
781,260
782,310
783,398
784,251
785,298
786,334
787,305
788,427
789,305
790,248
791,292
792,280
793,305
794,292
795,266
796,289
797,285
798,269
799,273
800,242
801,253
802,285
803,270
804,285
805,262
806,278
807,288
808,269
809,275
810,284
811,255
812,279
813,257
814,293
815,272
816,279
817,278
818,444
819,265
820,281
821,274
822,455
823,283
824,329
825,257
826,251
827,301
828,278
829,277
830,317
831,283
832,312
833,257
834,296
835,315
836,261
837,279
838,272
839,249
840,279
841,284
842,291
843,284
844,260
845,264
846,278
847,315
848,279
849,263
850,309
851,295
852,273
853,291
854,278
855,304
856,305
857,264
858,285
859,282
860,316
861,303
862,284
863,275
864,276
865,285
866,279
867,259
868,284
869,279
870,305
871,299
872,303
873,298
874,283
875,264
876,295
877,282
878,285
879,284
880,311
881,311
882,300
883,264
884,442
885,291
886,456
887,268
888,298
889,253
890,279
891,294
892,282
893,312
894,306
895,295
896,318
897,290
898,294
899,269
900,310
901,292
902,277
903,269
904,264
905,446
906,271
907,288
908,334
909,286
910,293
911,280
912,262
913,285
914,299
915,302
916,278
917,308
918,311
919,309
920,290
921,269
922,294
923,292
924,275
925,251
926,248
927,326
928,260
929,278
930,282
931,418
932,314
933,420
934,292
935,333
936,272
937,290
938,287
939,315
940,291
941,445
942,285
943,262
944,429
945,298
946,290
947,295
948,282
949,262
950,297
951,293
952,276
953,422
954,257
955,290
956,282
957,274
958,297
959,277
960,285
961,257
962,291
963,283
964,256
965,310
966,291
967,312
968,287
969,271
970,260
971,275
972,305
973,290
974,289
975,267
976,260
977,244
978,308
979,283
980,279
981,253
982,284
983,251
984,282
985,315
986,266
987,314
988,284
989,268
990,263
991,287
992,286
993,264
994,269
995,289
996,254
997,262
998,273
999,297
1000,308
1001,282
1002,315
1003,293
1004,309
1005,299
1006,299
1007,310
1008,259
1009,297
1010,264
1011,299
1012,415
1013,300
1014,261
1015,280
1016,296
1017,288
1018,275
1019,306
1020,285
1021,295
1022,294
1023,270
