variant,stream_id,step,processed,true_unique,estimate
standard,0,1,10000,9731,9726.38
improved,0,1,10000,9731,9860.91
standard,0,2,20000,19371,19511.3
improved,0,2,20000,19371,19693.3
standard,0,3,30000,28962,29080.5
improved,0,3,30000,28962,29234.6
standard,0,4,40000,38523,38320.2
improved,0,4,40000,38523,38922.2
standard,0,5,50000,48076,48164.1
improved,0,5,50000,48076,48660.1
standard,0,6,60000,57580,57811.3
improved,0,6,60000,57580,57813.1
standard,0,7,70000,67110,67182.2
improved,0,7,70000,67110,67312.8
standard,0,8,80000,76587,76328
improved,0,8,80000,76587,76433.2
standard,0,9,90000,86087,86024.2
improved,0,9,90000,86087,86171.9
standard,0,10,100000,95593,95373
improved,0,10,100000,95593,95548.9
standard,0,11,110000,105089,104812
improved,0,11,110000,105089,104740
standard,0,12,120000,114553,113880
improved,0,12,120000,114553,113667
standard,0,13,130000,124000,123667
improved,0,13,130000,124000,123375
standard,0,14,140000,133418,133850
improved,0,14,140000,133418,132791
standard,0,15,150000,142843,142598
improved,0,15,150000,142843,142596
standard,0,16,160000,152228,152223
improved,0,16,160000,152228,151812
standard,0,17,170000,161585,160676
improved,0,17,170000,161585,161246
standard,0,18,180000,170963,170339
improved,0,18,180000,170963,170512
standard,0,19,190000,180409,180161
improved,0,19,190000,180409,180465
standard,0,20,200000,189775,189248
improved,0,20,200000,189775,190042
standard,1,1,10000,9713,9777.15
improved,1,1,10000,9713,9661.33
standard,1,2,20000,19336,19564
improved,1,2,20000,19336,19360.7
standard,1,3,30000,28932,29169.3
improved,1,3,30000,28932,28759.2
standard,1,4,40000,38499,38761.6
improved,1,4,40000,38499,38382.6
standard,1,5,50000,48070,49077.2
improved,1,5,50000,48070,48712.8
standard,1,6,60000,57625,58648.4
improved,1,6,60000,57625,57712.6
standard,1,7,70000,67144,68061
improved,1,7,70000,67144,67285.5
standard,1,8,80000,76624,77398.3
improved,1,8,80000,76624,77043
standard,1,9,90000,86111,86839.1
improved,1,9,90000,86111,86114.1
standard,1,10,100000,95594,96586.3
improved,1,10,100000,95594,95649
standard,1,11,110000,105026,106246
improved,1,11,110000,105026,104935
standard,1,12,120000,114471,115656
improved,1,12,120000,114471,113748
standard,1,13,130000,123908,125223
improved,1,13,130000,123908,123393
standard,1,14,140000,133324,134408
improved,1,14,140000,133324,132976
standard,1,15,150000,142700,143922
improved,1,15,150000,142700,141373
standard,1,16,160000,152097,153514
improved,1,16,160000,152097,151289
standard,1,17,170000,161543,163096
improved,1,17,170000,161543,160578
standard,1,18,180000,170924,172167
improved,1,18,180000,170924,169594
standard,1,19,190000,180295,181236
improved,1,19,190000,180295,179087
standard,1,20,200000,189666,190052
improved,1,20,200000,189666,188395
standard,2,1,10000,9718,9726.38
improved,2,1,10000,9718,9715.52
standard,2,2,20000,19327,19354.1
improved,2,2,20000,19327,19328.1
standard,2,3,30000,28953,28933.7
improved,2,3,30000,28953,28672.6
standard,2,4,40000,38511,38804.3
improved,2,4,40000,38511,38507.9
standard,2,5,50000,48114,48589
improved,2,5,50000,48114,48685.9
standard,2,6,60000,57690,58021
improved,2,6,60000,57690,57852.3
standard,2,7,70000,67209,67608.7
improved,2,7,70000,67209,66937.1
standard,2,8,80000,76712,77192.7
improved,2,8,80000,76712,76554.1
standard,2,9,90000,86184,86503.2
improved,2,9,90000,86184,85905.9
standard,2,10,100000,95626,96184.6
improved,2,10,100000,95626,95094.4
standard,2,11,110000,105069,105528
improved,2,11,110000,105069,104244
standard,2,12,120000,114566,114456
improved,2,12,120000,114566,113578
standard,2,13,130000,124020,123661
improved,2,13,130000,124020,123630
standard,2,14,140000,133479,133740
improved,2,14,140000,133479,132969
standard,2,15,150000,142930,142969
improved,2,15,150000,142930,142788
standard,2,16,160000,152354,152268
improved,2,16,160000,152354,152757
standard,2,17,170000,161741,162260
improved,2,17,170000,161741,162726
standard,2,18,180000,171153,171389
improved,2,18,180000,171153,172857
standard,2,19,190000,180551,180517
improved,2,19,190000,180551,182261
standard,2,20,200000,189941,190180
improved,2,20,200000,189941,191070
standard,3,1,10000,9701,9715.52
improved,3,1,10000,9701,9711.9
standard,3,2,20000,19342,19383.5
improved,3,2,20000,19342,19321.6
standard,3,3,30000,28935,29169.3
improved,3,3,30000,28935,28869.5
standard,3,4,40000,38502,38424.2
improved,3,4,40000,38502,39019.3
standard,3,5,50000,48080,48718.3
improved,3,5,50000,48080,49268.9
standard,3,6,60000,57590,58135
improved,3,6,60000,57590,58641.2
standard,3,7,70000,67095,67555.7
improved,3,7,70000,67095,68234.9
standard,3,8,80000,76630,76900.4
improved,3,8,80000,76630,77836.8
standard,3,9,90000,86102,86338.4
improved,3,9,90000,86102,87287.1
standard,3,10,100000,95617,96249.9
improved,3,10,100000,95617,96236.2
standard,3,11,110000,105056,105840
improved,3,11,110000,105056,105508
standard,3,12,120000,114505,115394
improved,3,12,120000,114505,114221
standard,3,13,130000,123942,124546
improved,3,13,130000,123942,123536
standard,3,14,140000,133390,134204
improved,3,14,140000,133390,132599
standard,3,15,150000,142816,143844
improved,3,15,150000,142816,141873
standard,3,16,160000,152217,153248
improved,3,16,160000,152217,150526
standard,3,17,170000,161599,163441
improved,3,17,170000,161599,159618
standard,3,18,180000,170993,171955
improved,3,18,180000,170993,168505
standard,3,19,190000,180362,180994
improved,3,19,190000,180362,177777
standard,3,20,200000,189755,191358
improved,3,20,200000,189755,187306
standard,4,1,10000,9673,9637.9
improved,4,1,10000,9673,9697.43
standard,4,2,20000,19287,19211.4
improved,4,2,20000,19287,19289.1
standard,4,3,30000,28876,28805.5
improved,4,3,30000,28876,28666.9
standard,4,4,40000,38456,38341
improved,4,4,40000,38456,38216.8
standard,4,5,50000,48001,48355.7
improved,4,5,50000,48001,49148.9
standard,4,6,60000,57518,57719.6
improved,4,6,60000,57518,58573.1
standard,4,7,70000,67029,67143.1
improved,4,7,70000,67029,68425.2
standard,4,8,80000,76606,76919.4
improved,4,8,80000,76606,77961.9
standard,4,9,90000,86109,86887.3
improved,4,9,90000,86109,87893.9
standard,4,10,100000,95595,96085.4
improved,4,10,100000,95595,97456.7
standard,4,11,110000,105071,105673
improved,4,11,110000,105071,106948
standard,4,12,120000,114562,114879
improved,4,12,120000,114562,116439
standard,4,13,130000,124021,124130
improved,4,13,130000,124021,126034
standard,4,14,140000,133422,133981
improved,4,14,140000,133422,135506
standard,4,15,150000,142844,143418
improved,4,15,150000,142844,145753
standard,4,16,160000,152293,153007
improved,4,16,160000,152293,155073
standard,4,17,170000,161747,162207
improved,4,17,170000,161747,164896
standard,4,18,180000,171174,170792
improved,4,18,180000,171174,174220
standard,4,19,190000,180576,180048
improved,4,19,190000,180576,183891
standard,4,20,200000,189959,188674
improved,4,20,200000,189959,193414
standard,5,1,10000,9703,9650.51
improved,5,1,10000,9703,9684.79
standard,5,2,20000,19335,19266.4
improved,5,2,20000,19335,19324.8
standard,5,3,30000,28903,28788.1
improved,5,3,30000,28903,28793.9
standard,5,4,40000,38502,38539.4
improved,5,4,40000,38502,38466
standard,5,5,50000,48028,49028.3
improved,5,5,50000,48028,48620.4
standard,5,6,60000,57575,57775.5
improved,5,6,60000,57575,57720.4
standard,5,7,70000,67126,67690.6
improved,5,7,70000,67126,67373.3
standard,5,8,80000,76653,76762.5
improved,5,8,80000,76653,76347.9
standard,5,9,90000,86102,86150.1
improved,5,9,90000,86102,85980.7
standard,5,10,100000,95560,95582.9
improved,5,10,100000,95560,96011.8
standard,5,11,110000,105046,104506
improved,5,11,110000,105046,106050
standard,5,12,120000,114503,114456
improved,5,12,120000,114503,115703
standard,5,13,130000,123945,123268
improved,5,13,130000,123945,125447
standard,5,14,140000,133390,133771
improved,5,14,140000,133390,135622
standard,5,15,150000,142796,143228
improved,5,15,150000,142796,145096
standard,5,16,160000,152213,152437
improved,5,16,160000,152213,154629
standard,5,17,170000,161624,161238
improved,5,17,170000,161624,164143
standard,5,18,180000,171059,170745
improved,5,18,180000,171059,173584
standard,5,19,190000,180516,181094
improved,5,19,190000,180516,183281
standard,5,20,200000,189938,190940
improved,5,20,200000,189938,192699
standard,6,1,10000,9725,9695.63
improved,6,1,10000,9725,9806.24
standard,6,2,20000,19314,19066.7
improved,6,2,20000,19314,19488.3
standard,6,3,30000,28923,28939.5
improved,6,3,30000,28923,29324.2
standard,6,4,40000,38493,38560.5
improved,6,4,40000,38493,38560.5
standard,6,5,50000,48057,48307.6
improved,6,5,50000,48057,48863.9
standard,6,6,60000,57561,57149
improved,6,6,60000,57561,58140.9
standard,6,7,70000,67104,66416.4
improved,6,7,70000,67104,67646.1
standard,6,8,80000,76595,75774.6
improved,6,8,80000,76595,77034.7
standard,6,9,90000,86093,85547.2
improved,6,9,90000,86093,86390.5
standard,6,10,100000,95590,94974.2
improved,6,10,100000,95590,96165.3
standard,6,11,110000,105027,104930
improved,6,11,110000,105027,105517
standard,6,12,120000,114507,113943
improved,6,12,120000,114507,115680
standard,6,13,130000,123958,123706
improved,6,13,130000,123958,124899
standard,6,14,140000,133397,132702
improved,6,14,140000,133397,135252
standard,6,15,150000,142813,141812
improved,6,15,150000,142813,144837
standard,6,16,160000,152221,150525
improved,6,16,160000,152221,154094
standard,6,17,170000,161606,160032
improved,6,17,170000,161606,164109
standard,6,18,180000,170989,168858
improved,6,18,180000,170989,174030
standard,6,19,190000,180413,177983
improved,6,19,190000,180413,183070
standard,6,20,200000,189780,187360
improved,6,20,200000,189780,192513
standard,7,1,10000,9735,9632.5
improved,7,1,10000,9735,9690.21
standard,7,2,20000,19379,19383.5
improved,7,2,20000,19379,19263.2
standard,7,3,30000,28996,29240.6
improved,7,3,30000,28996,28957.1
standard,7,4,40000,38605,38879.2
improved,7,4,40000,38605,38623.7
standard,7,5,50000,48154,48770.6
improved,7,5,50000,48154,48743.9
standard,7,6,60000,57692,58011.6
improved,7,6,60000,57692,57671.5
standard,7,7,70000,67245,67219.8
improved,7,7,70000,67245,67103.7
standard,7,8,80000,76795,76645.6
improved,7,8,80000,76795,76105.2
standard,7,9,90000,86263,85826.6
improved,7,9,90000,86263,85718.1
standard,7,10,100000,95751,95056.8
improved,7,10,100000,95751,95742
standard,7,11,110000,105202,104620
improved,7,11,110000,105202,104635
standard,7,12,120000,114656,114187
improved,7,12,120000,114656,114109
standard,7,13,130000,124124,123257
improved,7,13,130000,124124,123408
standard,7,14,140000,133551,133941
improved,7,14,140000,133551,132952
standard,7,15,150000,142992,143254
improved,7,15,150000,142992,142182
standard,7,16,160000,152392,152627
improved,7,16,160000,152392,152303
standard,7,17,170000,161796,162475
improved,7,17,170000,161796,161760
standard,7,18,180000,171186,172551
improved,7,18,180000,171186,171801
standard,7,19,190000,180560,181870
improved,7,19,190000,180560,180984
standard,7,20,200000,189959,191663
improved,7,20,200000,189959,189981
standard,8,1,10000,9713,9706.47
improved,8,1,10000,9713,9663.13
standard,8,2,20000,19307,19240.5
improved,8,2,20000,19307,19360.7
standard,8,3,30000,28902,29157.4
improved,8,3,30000,28902,28898.6
standard,8,4,40000,38510,39347.2
improved,8,4,40000,38510,38330.6
standard,8,5,50000,48086,49014.9
improved,8,5,50000,48086,48466.3
standard,8,6,60000,57591,57936.8
improved,8,6,60000,57591,57592
standard,8,7,70000,67105,67336.4
improved,8,7,70000,67105,66766.4
standard,8,8,80000,76628,76913.7
improved,8,8,80000,76628,76916.5
standard,8,9,90000,86132,86075.1
improved,8,9,90000,86132,86300.1
standard,8,10,100000,95628,95750.3
improved,8,10,100000,95628,95512.9
standard,8,11,110000,105116,104629
improved,8,11,110000,105116,104967
standard,8,12,120000,114536,114212
improved,8,12,120000,114536,115311
standard,8,13,130000,123991,123784
improved,8,13,130000,123991,125466
standard,8,14,140000,133413,132741
improved,8,14,140000,133413,135079
standard,8,15,150000,142864,142210
improved,8,15,150000,142864,144524
standard,8,16,160000,152286,151594
improved,8,16,160000,152286,154582
standard,8,17,170000,161674,161062
improved,8,17,170000,161674,164307
standard,8,18,180000,171084,170449
improved,8,18,180000,171084,173017
standard,8,19,190000,180471,180218
improved,8,19,190000,180471,182755
standard,8,20,200000,189878,190175
improved,8,20,200000,189878,191921
standard,9,1,10000,9698,9764.44
improved,9,1,10000,9698,9646.91
standard,9,2,20000,19297,19419.4
improved,9,2,20000,19297,19253.4
standard,9,3,30000,28909,29444.4
improved,9,3,30000,28909,28432.7
standard,9,4,40000,38496,39084.4
improved,9,4,40000,38496,38083.4
standard,9,5,50000,48069,48635.1
improved,9,5,50000,48069,48389.3
standard,9,6,60000,57607,57821.8
improved,9,6,60000,57607,57921.6
standard,9,7,70000,67121,67292.3
improved,9,7,70000,67121,67449
standard,9,8,80000,76672,76503
improved,9,8,80000,76672,76895.8
standard,9,9,90000,86170,86180.7
improved,9,9,90000,86170,86247.2
standard,9,10,100000,95643,95493.5
improved,9,10,100000,95643,95936.1
standard,9,11,110000,105116,104987
improved,9,11,110000,105116,105411
standard,9,12,120000,114544,114924
improved,9,12,120000,114544,114177
standard,9,13,130000,124025,124115
improved,9,13,130000,124025,123519
standard,9,14,140000,133462,133908
improved,9,14,140000,133462,133014
standard,9,15,150000,142886,143492
improved,9,15,150000,142886,142549
standard,9,16,160000,152251,152658
improved,9,16,160000,152251,151942
standard,9,17,170000,161610,162197
improved,9,17,170000,161610,160485
standard,9,18,180000,171045,171708
improved,9,18,180000,171045,169928
standard,9,19,190000,180444,180479
improved,9,19,190000,180444,179452
standard,9,20,200000,189841,190489
improved,9,20,200000,189841,188972
standard,10,1,10000,9695,9693.82
improved,10,1,10000,9695,9648.71
standard,10,2,20000,19328,19182.3
improved,10,2,20000,19328,19182.3
standard,10,3,30000,28913,28455.4
improved,10,3,30000,28913,28770.8
standard,10,4,40000,38484,38351.4
improved,10,4,40000,38484,38550
standard,10,5,50000,48027,48696.9
improved,10,5,50000,48027,48891.4
standard,10,6,60000,57544,57999
improved,10,6,60000,57544,57733.2
standard,10,7,70000,67097,67969.5
improved,10,7,70000,67097,67325
standard,10,8,80000,76605,77861
improved,10,8,80000,76605,76257.1
standard,10,9,90000,86072,87610.6
improved,10,9,90000,86072,85228.3
standard,10,10,100000,95530,97735.2
improved,10,10,100000,95530,94507.3
standard,10,11,110000,105012,107356
improved,10,11,110000,105012,103699
standard,10,12,120000,114483,117187
improved,10,12,120000,114483,113288
standard,10,13,130000,123942,126347
improved,10,13,130000,123942,122278
standard,10,14,140000,133385,135789
improved,10,14,140000,133385,131554
standard,10,15,150000,142824,145287
improved,10,15,150000,142824,141159
standard,10,16,160000,152256,154764
improved,10,16,160000,152256,150445
standard,10,17,170000,161641,163831
improved,10,17,170000,161641,159986
standard,10,18,180000,171024,172721
improved,10,18,180000,171024,169409
standard,10,19,190000,180372,182670
improved,10,19,190000,180372,178328
standard,10,20,200000,189721,192973
improved,10,20,200000,189721,188139
standard,11,1,10000,9739,9798.96
improved,11,1,10000,9739,9782.6
standard,11,2,20000,19369,19455.5
improved,11,2,20000,19369,19567.3
standard,11,3,30000,28991,29565.5
improved,11,3,30000,28991,29098.2
standard,11,4,40000,38598,39182.5
improved,11,4,40000,38598,38518.4
standard,11,5,50000,48181,49388.8
improved,11,5,50000,48181,48886.1
standard,11,6,60000,57723,58571.6
improved,11,6,60000,57723,58204.3
standard,11,7,70000,67289,67913.4
improved,11,7,70000,67289,67957.8
standard,11,8,80000,76790,77243.5
improved,11,8,80000,76790,77424.3
standard,11,9,90000,86313,86700.6
improved,11,9,90000,86313,87486.3
standard,11,10,100000,95787,96203
improved,11,10,100000,95787,97264.1
standard,11,11,110000,105237,105850
improved,11,11,110000,105237,106352
standard,11,12,120000,114671,115424
improved,11,12,120000,114671,115604
standard,11,13,130000,124140,124716
improved,11,13,130000,124140,124729
standard,11,14,140000,133563,133936
improved,11,14,140000,133563,134726
standard,11,15,150000,142976,143920
improved,11,15,150000,142976,144391
standard,11,16,160000,152424,152902
improved,11,16,160000,152424,152885
standard,11,17,170000,161836,162564
improved,11,17,170000,161836,161916
standard,11,18,180000,171218,171749
improved,11,18,180000,171218,171250
standard,11,19,190000,180640,180529
improved,11,19,190000,180640,180198
standard,11,20,200000,190015,190513
improved,11,20,200000,190015,190167
standard,12,1,10000,9698,9652.31
improved,12,1,10000,9698,9668.54
standard,12,2,20000,19343,19403.1
improved,12,2,20000,19343,19302.1
standard,12,3,30000,28956,29133.7
improved,12,3,30000,28956,28765
standard,12,4,40000,38562,38815
improved,12,4,40000,38562,38497.5
standard,12,5,50000,48121,48885.2
improved,12,5,50000,48121,48615.5
standard,12,6,60000,57649,57974.1
improved,12,6,60000,57649,57754.7
standard,12,7,70000,67166,67476.8
improved,12,7,70000,67166,66862.6
standard,12,8,80000,76661,76861.6
improved,12,8,80000,76661,76179.1
standard,12,9,90000,86170,86596
improved,12,9,90000,86170,85920.7
standard,12,10,100000,95641,96012.7
improved,12,10,100000,95641,95933.1
standard,12,11,110000,105077,104837
improved,12,11,110000,105077,106229
standard,12,12,120000,114533,114532
improved,12,12,120000,114533,114977
standard,12,13,130000,123975,124289
improved,12,13,130000,123975,124461
standard,12,14,140000,133377,133706
improved,12,14,140000,133377,133728
standard,12,15,150000,142775,143636
improved,12,15,150000,142775,142399
standard,12,16,160000,152203,151845
improved,12,16,160000,152203,151009
standard,12,17,170000,161646,161759
improved,12,17,170000,161646,160442
standard,12,18,180000,171063,171866
improved,12,18,180000,171063,169249
standard,12,19,190000,180464,181729
improved,12,19,190000,180464,177957
standard,12,20,200000,189867,191190
improved,12,20,200000,189867,187936
standard,13,1,10000,9681,9697.43
improved,13,1,10000,9681,9664.93
standard,13,2,20000,19309,19393.3
improved,13,2,20000,19309,19263.2
standard,13,3,30000,28891,29348.2
improved,13,3,30000,28891,28852
standard,13,4,40000,38415,39193.4
improved,13,4,40000,38415,38206.5
standard,13,5,50000,47987,48870.6
improved,13,5,50000,47987,48661.6
standard,13,6,60000,57479,57984.1
improved,13,6,60000,57479,58154.9
standard,13,7,70000,66977,67576.3
improved,13,7,70000,66977,67443.4
standard,13,8,80000,76483,77893.2
improved,13,8,80000,76483,77318.8
standard,13,9,90000,85978,87180.2
improved,13,9,90000,85978,86527.4
standard,13,10,100000,95475,96564.5
improved,13,10,100000,95475,96107.9
standard,13,11,110000,104899,105156
improved,13,11,110000,104899,105535
standard,13,12,120000,114372,114346
improved,13,12,120000,114372,115275
standard,13,13,130000,123795,123754
improved,13,13,130000,123795,124219
standard,13,14,140000,133245,133320
improved,13,14,140000,133245,133864
standard,13,15,150000,142688,142186
improved,13,15,150000,142688,144344
standard,13,16,160000,152102,151532
improved,13,16,160000,152102,154222
standard,13,17,170000,161493,160654
improved,13,17,170000,161493,163649
standard,13,18,180000,170888,170841
improved,13,18,180000,170888,172674
standard,13,19,190000,180289,180573
improved,13,19,190000,180289,181466
standard,13,20,200000,189695,189327
improved,13,20,200000,189695,190840
standard,14,1,10000,9702,9717.33
improved,14,1,10000,9702,9655.92
standard,14,2,20000,19332,19308.6
improved,14,2,20000,19332,19221.1
standard,14,3,30000,28947,28869.5
improved,14,3,30000,28947,29104.1
standard,14,4,40000,38516,38507.9
improved,14,4,40000,38516,38560.5
standard,14,5,50000,48083,48361.3
improved,14,5,50000,48083,49243.7
standard,14,6,60000,57597,57564.2
improved,14,6,60000,57597,58382.6
standard,14,7,70000,67115,66654.1
improved,14,7,70000,67115,67537.7
standard,14,8,80000,76587,75806.7
improved,14,8,80000,76587,76409.9
standard,14,9,90000,86109,85141.9
improved,14,9,90000,86109,85766.3
standard,14,10,100000,95593,93680.8
improved,14,10,100000,95593,95176
standard,14,11,110000,105059,103046
improved,14,11,110000,105059,104833
standard,14,12,120000,114505,112967
improved,14,12,120000,114505,114657
standard,14,13,130000,123986,122554
improved,14,13,130000,123986,123959
standard,14,14,140000,133469,132589
improved,14,14,140000,133469,133683
standard,14,15,150000,142904,141510
improved,14,15,150000,142904,142881
standard,14,16,160000,152301,150646
improved,14,16,160000,152301,152273
standard,14,17,170000,161695,159777
improved,14,17,170000,161695,162324
standard,14,18,180000,171129,169665
improved,14,18,180000,171129,172027
standard,14,19,190000,180508,178420
improved,14,19,190000,180508,181486
standard,14,20,200000,189918,186778
improved,14,20,200000,189918,191259
standard,15,1,10000,9715,9702.86
improved,15,1,10000,9715,9733.62
standard,15,2,20000,19306,19321.6
improved,15,2,20000,19306,19150.1
standard,15,3,30000,28903,29068.7
improved,15,3,30000,28903,28695.7
standard,15,4,40000,38486,38466
improved,15,4,40000,38486,38093.7
standard,15,5,50000,48075,48285.4
improved,15,5,50000,48075,48417.5
standard,15,6,60000,57667,57560.9
improved,15,6,60000,57667,57284.2
standard,15,7,70000,67194,66991.9
improved,15,7,70000,67194,66995.8
standard,15,8,80000,76710,76456.8
improved,15,8,80000,76710,76070
standard,15,9,90000,86222,85424.9
improved,15,9,90000,86222,85700.5
standard,15,10,100000,95674,94973.8
improved,15,10,100000,95674,95568.1
standard,15,11,110000,105146,104592
improved,15,11,110000,105146,104859
standard,15,12,120000,114610,113704
improved,15,12,120000,114610,114602
standard,15,13,130000,124012,123699
improved,15,13,130000,124012,123893
standard,15,14,140000,133440,133144
improved,15,14,140000,133440,132900
standard,15,15,150000,142890,142059
improved,15,15,150000,142890,141999
standard,15,16,160000,152296,152064
improved,15,16,160000,152296,150679
standard,15,17,170000,161726,161963
improved,15,17,170000,161726,159335
standard,15,18,180000,171127,171230
improved,15,18,180000,171127,169200
standard,15,19,190000,180568,181019
improved,15,19,190000,180568,178701
standard,15,20,200000,189986,191133
improved,15,20,200000,189986,187491
standard,16,1,10000,9690,9690.21
improved,16,1,10000,9690,9742.68
standard,16,2,20000,19310,19159.8
improved,16,2,20000,19310,19350.9
standard,16,3,30000,28914,28857.8
improved,16,3,30000,28914,29033.4
standard,16,4,40000,38497,38455.6
improved,16,4,40000,38497,38330.6
standard,16,5,50000,48070,48275.4
improved,16,5,50000,48070,47974.8
standard,16,6,60000,57636,56875.5
improved,16,6,60000,57636,57456.2
standard,16,7,70000,67136,66488.2
improved,16,7,70000,67136,66780.6
standard,16,8,80000,76618,75759.2
improved,16,8,80000,76618,76101.8
standard,16,9,90000,86137,85105.4
improved,16,9,90000,86137,85799.1
standard,16,10,100000,95652,94830.5
improved,16,10,100000,95652,95399.9
standard,16,11,110000,105140,104885
improved,16,11,110000,105140,105061
standard,16,12,120000,114604,114179
improved,16,12,120000,114604,114814
standard,16,13,130000,124040,123437
improved,16,13,130000,124040,124196
standard,16,14,140000,133501,132313
improved,16,14,140000,133501,133490
standard,16,15,150000,142929,141284
improved,16,15,150000,142929,143331
standard,16,16,160000,152376,151102
improved,16,16,160000,152376,152521
standard,16,17,170000,161798,160835
improved,16,17,170000,161798,161800
standard,16,18,180000,171213,170020
improved,16,18,180000,171213,170578
standard,16,19,190000,180638,180637
improved,16,19,190000,180638,179220
standard,16,20,200000,189982,190208
improved,16,20,200000,189982,188455
standard,17,1,10000,9732,9715.52
improved,17,1,10000,9732,9786.24
standard,17,2,20000,19382,19445.6
improved,17,2,20000,19382,19577.2
standard,17,3,30000,28980,29074.6
improved,17,3,30000,28980,29068.7
standard,17,4,40000,38568,38592.1
improved,17,4,40000,38568,38783
standard,17,5,50000,48122,48902.9
improved,17,5,50000,48122,49066.4
standard,17,6,60000,57673,58150.7
improved,17,6,60000,57673,58433.5
standard,17,7,70000,67164,67475.3
improved,17,7,70000,67164,67592
standard,17,8,80000,76651,76532
improved,17,8,80000,76651,77380.9
standard,17,9,90000,86115,86450.7
improved,17,9,90000,86115,87427
standard,17,10,100000,95614,96129.1
improved,17,10,100000,95614,96953.9
standard,17,11,110000,105081,105156
improved,17,11,110000,105081,106950
standard,17,12,120000,114552,114520
improved,17,12,120000,114552,116697
standard,17,13,130000,124001,123863
improved,17,13,130000,124001,125483
standard,17,14,140000,133435,132599
improved,17,14,140000,133435,135400
standard,17,15,150000,142874,141773
improved,17,15,150000,142874,144822
standard,17,16,160000,152307,150886
improved,17,16,160000,152307,153753
standard,17,17,170000,161729,159118
improved,17,17,170000,161729,163281
standard,17,18,180000,171148,168487
improved,17,18,180000,171148,172319
standard,17,19,190000,180513,178119
improved,17,19,190000,180513,181405
standard,17,20,200000,189946,187153
improved,17,20,200000,189946,191553
standard,18,1,10000,9710,9646.91
improved,18,1,10000,9710,9730
standard,18,2,20000,19333,19334.6
improved,18,2,20000,19333,19386.8
standard,18,3,30000,28916,28869.5
improved,18,3,30000,28916,29086.4
standard,18,4,40000,38465,38466
improved,18,4,40000,38465,38804.3
standard,18,5,50000,48009,48950.9
improved,18,5,50000,48009,48335.3
standard,18,6,60000,57532,58477.4
improved,18,6,60000,57532,57685.2
standard,18,7,70000,67040,68067.9
improved,18,7,70000,67040,66566.6
standard,18,8,80000,76581,77428.2
improved,18,8,80000,76581,76362.2
standard,18,9,90000,86126,87036.2
improved,18,9,90000,86126,85540.6
standard,18,10,100000,95620,96495.8
improved,18,10,100000,95620,94684.2
standard,18,11,110000,105074,105818
improved,18,11,110000,105074,104198
standard,18,12,120000,114539,114773
improved,18,12,120000,114539,113476
standard,18,13,130000,124014,123583
improved,18,13,130000,124014,123241
standard,18,14,140000,133507,133201
improved,18,14,140000,133507,133085
standard,18,15,150000,142964,142778
improved,18,15,150000,142964,142919
standard,18,16,160000,152414,152224
improved,18,16,160000,152414,151971
standard,18,17,170000,161847,160966
improved,18,17,170000,161847,161617
standard,18,18,180000,171240,170379
improved,18,18,180000,171240,170995
standard,18,19,190000,180625,179894
improved,18,19,190000,180625,180356
standard,18,20,200000,190035,189491
improved,18,20,200000,190035,189845
standard,19,1,10000,9704,9673.95
improved,19,1,10000,9704,9751.75
standard,19,2,20000,19359,19247
improved,19,2,20000,19359,19432.5
standard,19,3,30000,28949,28638.2
improved,19,3,30000,28949,29039.3
standard,19,4,40000,38519,38361.7
improved,19,4,40000,38519,38804.3
standard,19,5,50000,48052,48382.8
improved,19,5,50000,48052,49080
standard,19,6,60000,57582,57457.6
improved,19,6,60000,57582,58277
standard,19,7,70000,67054,66957.4
improved,19,7,70000,67054,67518.6
standard,19,8,80000,76620,76527.4
improved,19,8,80000,76620,76802.1
standard,19,9,90000,86116,85562
improved,19,9,90000,86116,86313.2
standard,19,10,100000,95640,95121
improved,19,10,100000,95640,96313.4
standard,19,11,110000,105142,104462
improved,19,11,110000,105142,105527
standard,19,12,120000,114609,113513
improved,19,12,120000,114609,115274
standard,19,13,130000,124047,123352
improved,19,13,130000,124047,124096
standard,19,14,140000,133476,132915
improved,19,14,140000,133476,133611
standard,19,15,150000,142866,141672
improved,19,15,150000,142866,143261
standard,19,16,160000,152286,150721
improved,19,16,160000,152286,152675
standard,19,17,170000,161715,159872
improved,19,17,170000,161715,162018
standard,19,18,180000,171108,168905
improved,19,18,180000,171108,170989
standard,19,19,190000,180504,177343
improved,19,19,190000,180504,180228
standard,19,20,200000,189937,186312
improved,19,20,200000,189937,188926
