Size,Type,Sort,TimeMs,CharComparisons
100,Random,std_sort,0.01348,834
100,Random,std_stable_sort,0.019,674
100,Random,string_quick,0.01606,577
100,Random,merge_lcp,0.26384,516
100,Random,msd_radix,0.10192,171
100,Random,msd_radix_quick,0.00908,154
100,Reverse,std_sort,0.00726,954
100,Reverse,std_stable_sort,0.0152,501
100,Reverse,string_quick,0.02134,1263
100,Reverse,merge_lcp,0.3039,353
100,Reverse,msd_radix,0.07554,237
100,Reverse,msd_radix_quick,0.0371,1654
100,AlmostSorted,std_sort,0.00642,1150
100,AlmostSorted,std_stable_sort,0.00854,727
100,AlmostSorted,string_quick,0.0121,781
100,AlmostSorted,merge_lcp,0.2574,380
100,AlmostSorted,msd_radix,0.08888,231
100,AlmostSorted,msd_radix_quick,0.0164,757
200,Random,std_sort,0.0216,2015
200,Random,std_stable_sort,0.04336,1616
200,Random,string_quick,0.02306,1496
200,Random,merge_lcp,0.73904,1187
200,Random,msd_radix,0.19652,398
200,Random,msd_radix_quick,0.0145,393
200,Reverse,std_sort,0.01284,2087
200,Reverse,std_stable_sort,0.0124,1101
200,Reverse,string_quick,0.03598,2410
200,Reverse,merge_lcp,0.52352,720
200,Reverse,msd_radix,0.14598,475
200,Reverse,msd_radix_quick,0.05262,3173
200,AlmostSorted,std_sort,0.02796,3284
200,AlmostSorted,std_stable_sort,0.02036,1654
200,AlmostSorted,string_quick,0.02844,1785
200,AlmostSorted,merge_lcp,0.62366,758
200,AlmostSorted,msd_radix,0.14866,471
200,AlmostSorted,msd_radix_quick,0.0347,1561
300,Random,std_sort,0.04898,3460
300,Random,std_stable_sort,0.04582,2734
300,Random,string_quick,0.09946,2345
300,Random,merge_lcp,1.13932,1912
300,Random,msd_radix,0.20924,618
300,Random,msd_radix_quick,0.02464,730
300,Reverse,std_sort,0.02928,3676
300,Reverse,std_stable_sort,0.02804,1776
300,Reverse,string_quick,0.07568,4361
300,Reverse,merge_lcp,0.64228,1114
300,Reverse,msd_radix,0.13628,715
300,Reverse,msd_radix_quick,0.0523,5056
300,AlmostSorted,std_sort,0.02754,5147
300,AlmostSorted,std_stable_sort,0.01852,2885
300,AlmostSorted,string_quick,0.03594,2938
300,AlmostSorted,merge_lcp,0.90924,1225
300,AlmostSorted,msd_radix,0.16522,720
300,AlmostSorted,msd_radix_quick,0.03026,2355
400,Random,std_sort,0.03954,4915
400,Random,std_stable_sort,0.0634,3930
400,Random,string_quick,0.047,3239
400,Random,merge_lcp,0.90066,2729
400,Random,msd_radix,0.1846,835
400,Random,msd_radix_quick,0.02164,1106
400,Reverse,std_sort,0.01924,4620
400,Reverse,std_stable_sort,0.026,2453
400,Reverse,string_quick,0.06622,6677
400,Reverse,merge_lcp,1.16528,1442
400,Reverse,msd_radix,0.24566,952
400,Reverse,msd_radix_quick,0.06968,6796
400,AlmostSorted,std_sort,0.04362,7846
400,AlmostSorted,std_stable_sort,0.0351,3982
400,AlmostSorted,string_quick,0.05666,4350
400,AlmostSorted,merge_lcp,0.6673,1625
400,AlmostSorted,msd_radix,0.27072,953
400,AlmostSorted,msd_radix_quick,0.10932,3128
500,Random,std_sort,0.09904,6524
500,Random,std_stable_sort,0.07062,5447
500,Random,string_quick,0.05856,4354
500,Random,merge_lcp,1.14792,3530
500,Random,msd_radix,0.20636,1048
500,Random,msd_radix_quick,0.02628,1525
500,Reverse,std_sort,0.02504,5607
500,Reverse,std_stable_sort,0.0511,3141
500,Reverse,string_quick,0.1093,8624
500,Reverse,merge_lcp,1.21352,1869
500,Reverse,msd_radix,0.21252,1198
500,Reverse,msd_radix_quick,0.0851,8603
500,AlmostSorted,std_sort,0.05814,10373
500,AlmostSorted,std_stable_sort,0.03242,5220
500,AlmostSorted,string_quick,0.05226,5990
500,AlmostSorted,merge_lcp,1.20348,1964
500,AlmostSorted,msd_radix,0.34932,1184
500,AlmostSorted,msd_radix_quick,0.1901,3841
600,Random,std_sort,0.15504,8949
600,Random,std_stable_sort,0.16178,6590
600,Random,string_quick,0.11046,4959
600,Random,merge_lcp,1.2278,4344
600,Random,msd_radix,0.25694,1269
600,Random,msd_radix_quick,0.1544,1973
600,Reverse,std_sort,0.06986,7887
600,Reverse,std_stable_sort,0.05204,3824
600,Reverse,string_quick,0.12386,11280
600,Reverse,merge_lcp,1.1138,2208
600,Reverse,msd_radix,0.25544,1437
600,Reverse,msd_radix_quick,0.09998,10317
600,AlmostSorted,std_sort,0.06958,13194
600,AlmostSorted,std_stable_sort,0.03904,6402
600,AlmostSorted,string_quick,0.06202,7899
600,AlmostSorted,merge_lcp,1.3308,2419
600,AlmostSorted,msd_radix,0.21302,1416
600,AlmostSorted,msd_radix_quick,0.059,4622
700,Random,std_sort,0.07942,10284
700,Random,std_stable_sort,0.08646,7946
700,Random,string_quick,0.08712,6021
700,Random,merge_lcp,1.65644,5235
700,Random,msd_radix,0.23292,1498
700,Random,msd_radix_quick,0.03588,2421
700,Reverse,std_sort,0.0303,9026
700,Reverse,std_stable_sort,0.0391,4595
700,Reverse,string_quick,0.12208,13689
700,Reverse,merge_lcp,1.78528,2570
700,Reverse,msd_radix,0.40542,1684
700,Reverse,msd_radix_quick,0.18432,12039
700,AlmostSorted,std_sort,0.07914,16171
700,AlmostSorted,std_stable_sort,0.04928,7626
700,AlmostSorted,string_quick,0.09888,10080
700,AlmostSorted,merge_lcp,1.24008,2856
700,AlmostSorted,msd_radix,0.27956,1658
700,AlmostSorted,msd_radix_quick,0.05896,5369
800,Random,std_sort,0.0988,11620
800,Random,std_stable_sort,0.15612,9294
800,Random,string_quick,0.16066,7601
800,Random,merge_lcp,2.19962,6138
800,Random,msd_radix,0.24152,1711
800,Random,msd_radix_quick,0.04504,2933
800,Reverse,std_sort,0.0388,10106
800,Reverse,std_stable_sort,0.05664,5371
800,Reverse,string_quick,0.18364,17846
800,Reverse,merge_lcp,1.96544,2948
800,Reverse,msd_radix,0.3251,1924
800,Reverse,msd_radix_quick,0.26484,13838
800,AlmostSorted,std_sort,0.14254,18486
800,AlmostSorted,std_stable_sort,0.05564,8788
800,AlmostSorted,string_quick,0.11618,12532
800,AlmostSorted,merge_lcp,1.4833,3258
800,AlmostSorted,msd_radix,0.39458,1910
800,AlmostSorted,msd_radix_quick,0.13576,6256
900,Random,std_sort,0.19586,13680
900,Random,std_stable_sort,0.20166,11388
900,Random,string_quick,0.13112,8418
900,Random,merge_lcp,2.06844,7002
900,Random,msd_radix,0.3188,1941
900,Random,msd_radix_quick,0.0575,3472
900,Reverse,std_sort,0.0425,11189
900,Reverse,std_stable_sort,0.05648,6237
900,Reverse,string_quick,0.1698,20569
900,Reverse,merge_lcp,2.08144,3316
900,Reverse,msd_radix,0.37406,2175
900,Reverse,msd_radix_quick,0.1383,15479
900,AlmostSorted,std_sort,0.08026,18078
900,AlmostSorted,std_stable_sort,0.0915,10825
900,AlmostSorted,string_quick,0.1199,15094
900,AlmostSorted,merge_lcp,1.6704,3661
900,AlmostSorted,msd_radix,0.36898,2149
900,AlmostSorted,msd_radix_quick,0.13928,6905
1000,Random,std_sort,0.1401,16237
1000,Random,std_stable_sort,0.15002,12767
1000,Random,string_quick,0.1372,10200
1000,Random,merge_lcp,2.2337,7946
1000,Random,msd_radix,0.34842,2165
1000,Random,msd_radix_quick,0.07548,4022
1000,Reverse,std_sort,0.04628,12273
1000,Reverse,std_stable_sort,0.06864,6908
1000,Reverse,string_quick,0.23134,23841
1000,Reverse,merge_lcp,2.10452,3793
1000,Reverse,msd_radix,0.3692,2415
1000,Reverse,msd_radix_quick,0.1986,17252
1000,AlmostSorted,std_sort,0.12224,22327
1000,AlmostSorted,std_stable_sort,0.1197,11605
1000,AlmostSorted,string_quick,0.14496,18024
1000,AlmostSorted,merge_lcp,1.75562,4039
1000,AlmostSorted,msd_radix,0.45168,2385
1000,AlmostSorted,msd_radix_quick,0.12456,7602
1100,Random,std_sort,0.1533,18015
1100,Random,std_stable_sort,0.21188,14075
1100,Random,string_quick,0.211,10840
1100,Random,merge_lcp,2.38146,8793
1100,Random,msd_radix,0.32342,2396
1100,Random,msd_radix_quick,0.07292,4611
1100,Reverse,std_sort,0.05104,15767
1100,Reverse,std_stable_sort,0.0715,7591
1100,Reverse,string_quick,0.28648,27366
1100,Reverse,merge_lcp,1.98804,4074
1100,Reverse,msd_radix,0.57494,2658
1100,Reverse,msd_radix_quick,0.17146,19079
1100,AlmostSorted,std_sort,0.10392,24101
1100,AlmostSorted,std_stable_sort,0.07246,12681
1100,AlmostSorted,string_quick,0.1634,21182
1100,AlmostSorted,merge_lcp,1.8787,4459
1100,AlmostSorted,msd_radix,0.55356,2622
1100,AlmostSorted,msd_radix_quick,0.10514,8382
1200,Random,std_sort,0.1801,20317
1200,Random,std_stable_sort,0.33042,15540
1200,Random,string_quick,0.20174,12135
1200,Random,merge_lcp,3.00324,9770
1200,Random,msd_radix,0.38836,2643
1200,Random,msd_radix_quick,0.08554,5122
1200,Reverse,std_sort,0.06062,17080
1200,Reverse,std_stable_sort,0.0947,8373
1200,Reverse,string_quick,0.25242,31810
1200,Reverse,merge_lcp,2.36866,4453
1200,Reverse,msd_radix,0.56592,2896
1200,Reverse,msd_radix_quick,0.18706,20567
1200,AlmostSorted,std_sort,0.16096,30537
1200,AlmostSorted,std_stable_sort,0.08656,13709
1200,AlmostSorted,string_quick,0.22752,24718
1200,AlmostSorted,merge_lcp,2.25078,4984
1200,AlmostSorted,msd_radix,0.45654,2861
1200,AlmostSorted,msd_radix_quick,0.1255,9275
1300,Random,std_sort,0.20122,21890
1300,Random,std_stable_sort,0.25536,16886
1300,Random,string_quick,0.30706,14421
1300,Random,merge_lcp,2.90174,10687
1300,Random,msd_radix,0.47736,2892
1300,Random,msd_radix_quick,0.10968,5739
1300,Reverse,std_sort,0.12918,18232
1300,Reverse,std_stable_sort,0.0837,9184
1300,Reverse,string_quick,0.29708,34936
1300,Reverse,merge_lcp,2.86094,4804
1300,Reverse,msd_radix,0.48144,3143
1300,Reverse,msd_radix_quick,0.1991,22263
1300,AlmostSorted,std_sort,0.20966,33441
1300,AlmostSorted,std_stable_sort,0.08434,14908
1300,AlmostSorted,string_quick,0.18346,23136
1300,AlmostSorted,merge_lcp,2.3883,5584
1300,AlmostSorted,msd_radix,0.52382,3113
1300,AlmostSorted,msd_radix_quick,0.10466,10038
1400,Random,std_sort,0.20812,24760
1400,Random,std_stable_sort,0.23504,18616
1400,Random,string_quick,0.29244,13776
1400,Random,merge_lcp,2.61656,11694
1400,Random,msd_radix,0.54066,3140
1400,Random,msd_radix_quick,0.18576,6299
1400,Reverse,std_sort,0.14242,19405
1400,Reverse,std_stable_sort,0.12752,9959
1400,Reverse,string_quick,0.41452,39324
1400,Reverse,merge_lcp,3.25028,5062
1400,Reverse,msd_radix,0.61094,3385
1400,Reverse,msd_radix_quick,0.23242,23857
1400,AlmostSorted,std_sort,0.20518,35313
1400,AlmostSorted,std_stable_sort,0.24036,16499
1400,AlmostSorted,string_quick,0.25832,24907
1400,AlmostSorted,merge_lcp,2.69604,5841
1400,AlmostSorted,msd_radix,0.98152,3346
1400,AlmostSorted,msd_radix_quick,0.14594,10718
1500,Random,std_sort,0.4446,27818
1500,Random,std_stable_sort,0.27818,20052
1500,Random,string_quick,0.22458,16032
1500,Random,merge_lcp,3.96676,12658
1500,Random,msd_radix,0.50908,3379
1500,Random,msd_radix_quick,0.11716,6902
1500,Reverse,std_sort,0.0677,20620
1500,Reverse,std_stable_sort,0.08582,10784
1500,Reverse,string_quick,0.39396,44622
1500,Reverse,merge_lcp,4.34602,5537
1500,Reverse,msd_radix,0.76124,3616
1500,Reverse,msd_radix_quick,0.30066,25398
1500,AlmostSorted,std_sort,0.21652,39498
1500,AlmostSorted,std_stable_sort,0.09784,17498
1500,AlmostSorted,string_quick,0.22694,26129
1500,AlmostSorted,merge_lcp,2.927,6306
1500,AlmostSorted,msd_radix,0.58354,3582
1500,AlmostSorted,msd_radix_quick,0.12358,11450
1600,Random,std_sort,0.26202,28679
1600,Random,std_stable_sort,0.26302,21648
1600,Random,string_quick,0.2514,17967
1600,Random,merge_lcp,3.3688,13632
1600,Random,msd_radix,0.51336,3636
1600,Random,msd_radix_quick,0.21454,7560
1600,Reverse,std_sort,0.16906,21818
1600,Reverse,std_stable_sort,0.10604,11560
1600,Reverse,string_quick,0.3826,49811
1600,Reverse,merge_lcp,2.98972,5901
1600,Reverse,msd_radix,0.5574,3860
1600,Reverse,msd_radix_quick,0.22928,27259
1600,AlmostSorted,std_sort,0.14914,36967
1600,AlmostSorted,std_stable_sort,0.1013,18960
1600,AlmostSorted,string_quick,0.21054,29240
1600,AlmostSorted,merge_lcp,2.59094,6826
1600,AlmostSorted,msd_radix,0.51308,3818
1600,AlmostSorted,msd_radix_quick,0.1247,12121
1700,Random,std_sort,0.23984,30434
1700,Random,std_stable_sort,0.24716,23354
1700,Random,string_quick,0.3587,19325
1700,Random,merge_lcp,3.71818,14524
1700,Random,msd_radix,0.49544,3881
1700,Random,msd_radix_quick,0.12726,8293
1700,Reverse,std_sort,0.07124,23022
1700,Reverse,std_stable_sort,0.09304,12522
1700,Reverse,string_quick,0.40894,55081
1700,Reverse,merge_lcp,3.52028,6268
1700,Reverse,msd_radix,0.69544,4101
1700,Reverse,msd_radix_quick,0.2534,29075
1700,AlmostSorted,std_sort,0.2052,41458
1700,AlmostSorted,std_stable_sort,0.17496,20363
1700,AlmostSorted,string_quick,0.3218,31843
1700,AlmostSorted,merge_lcp,3.2123,7226
1700,AlmostSorted,msd_radix,0.58862,4063
1700,AlmostSorted,msd_radix_quick,0.15516,12758
1800,Random,std_sort,0.30962,33624
1800,Random,std_stable_sort,0.36438,26355
1800,Random,string_quick,0.2636,18745
1800,Random,merge_lcp,3.6426,15515
1800,Random,msd_radix,0.50894,4117
1800,Random,msd_radix_quick,0.15418,8882
1800,Reverse,std_sort,0.12006,24206
1800,Reverse,std_stable_sort,0.10076,13327
1800,Reverse,string_quick,0.4443,60712
1800,Reverse,merge_lcp,3.96832,6737
1800,Reverse,msd_radix,0.6726,4345
1800,Reverse,msd_radix_quick,0.29918,30957
1800,AlmostSorted,std_sort,0.20314,43822
1800,AlmostSorted,std_stable_sort,0.1097,23215
1800,AlmostSorted,string_quick,0.26126,33411
1800,AlmostSorted,merge_lcp,4.0347,7714
1800,AlmostSorted,msd_radix,0.8748,4311
1800,AlmostSorted,msd_radix_quick,0.18714,13503
1900,Random,std_sort,0.38006,35267
1900,Random,std_stable_sort,0.29608,28122
1900,Random,string_quick,0.27462,20848
1900,Random,merge_lcp,3.52536,16557
1900,Random,msd_radix,0.59806,4371
1900,Random,msd_radix_quick,0.15828,9483
1900,Reverse,std_sort,0.0703,25390
1900,Reverse,std_stable_sort,0.09838,13992
1900,Reverse,string_quick,0.45696,65600
1900,Reverse,merge_lcp,3.06918,7119
1900,Reverse,msd_radix,0.6451,4581
1900,Reverse,msd_radix_quick,0.2518,32572
1900,AlmostSorted,std_sort,0.16692,44172
1900,AlmostSorted,std_stable_sort,0.11078,23821
1900,AlmostSorted,string_quick,0.26008,38542
1900,AlmostSorted,merge_lcp,3.26054,8116
1900,AlmostSorted,msd_radix,0.72772,4562
1900,AlmostSorted,msd_radix_quick,0.11898,14174
2000,Random,std_sort,0.25416,39032
2000,Random,std_stable_sort,0.2777,29565
2000,Random,string_quick,0.38442,22347
2000,Random,merge_lcp,3.51452,17568
2000,Random,msd_radix,0.5477,4614
2000,Random,msd_radix_quick,0.13846,10111
2000,Reverse,std_sort,0.07232,26496
2000,Reverse,std_stable_sort,0.09886,14734
2000,Reverse,string_quick,0.7223,71843
2000,Reverse,merge_lcp,3.10474,7594
2000,Reverse,msd_radix,0.6988,4818
2000,Reverse,msd_radix_quick,0.30214,34133
2000,AlmostSorted,std_sort,0.33428,46806
2000,AlmostSorted,std_stable_sort,0.14218,25071
2000,AlmostSorted,string_quick,0.2786,42298
2000,AlmostSorted,merge_lcp,3.26098,8399
2000,AlmostSorted,msd_radix,0.73906,4806
2000,AlmostSorted,msd_radix_quick,0.15646,14921
2100,Random,std_sort,0.32908,39980
2100,Random,std_stable_sort,0.32348,31174
2100,Random,string_quick,0.43834,28963
2100,Random,merge_lcp,4.00998,18555
2100,Random,msd_radix,0.67992,4865
2100,Random,msd_radix_quick,0.2118,10820
2100,Reverse,std_sort,0.10306,29617
2100,Reverse,std_stable_sort,0.1285,15511
2100,Reverse,string_quick,0.68116,78598
2100,Reverse,merge_lcp,4.10658,7900
2100,Reverse,msd_radix,0.7527,5065
2100,Reverse,msd_radix_quick,0.31656,36059
2100,AlmostSorted,std_sort,0.23664,49964
2100,AlmostSorted,std_stable_sort,0.14464,26205
2100,AlmostSorted,string_quick,0.36426,46454
2100,AlmostSorted,merge_lcp,3.62482,8893
2100,AlmostSorted,msd_radix,0.70662,5032
2100,AlmostSorted,msd_radix_quick,0.1914,15661
2200,Random,std_sort,0.3287,43612
2200,Random,std_stable_sort,0.33988,32663
2200,Random,string_quick,0.3291,22888
2200,Random,merge_lcp,4.47702,19470
2200,Random,msd_radix,0.64284,5131
2200,Random,msd_radix_quick,0.1661,11452
2200,Reverse,std_sort,0.09996,33719
2200,Reverse,std_stable_sort,0.11598,16343
2200,Reverse,string_quick,0.55552,83646
2200,Reverse,merge_lcp,3.9573,8152
2200,Reverse,msd_radix,0.90844,5310
2200,Reverse,msd_radix_quick,0.30136,37584
2200,AlmostSorted,std_sort,0.19762,54022
2200,AlmostSorted,std_stable_sort,0.1372,27262
2200,AlmostSorted,string_quick,0.6819,50971
2200,AlmostSorted,merge_lcp,3.62288,9296
2200,AlmostSorted,msd_radix,0.68908,5261
2200,AlmostSorted,msd_radix_quick,0.2042,16383
2300,Random,std_sort,0.34332,43946
2300,Random,std_stable_sort,0.35794,34504
2300,Random,string_quick,0.4541,26504
2300,Random,merge_lcp,4.79318,20571
2300,Random,msd_radix,0.71284,5411
2300,Random,msd_radix_quick,0.42138,12203
2300,Reverse,std_sort,0.11252,35132
2300,Reverse,std_stable_sort,0.14628,17089
2300,Reverse,string_quick,0.88084,90737
2300,Reverse,merge_lcp,4.21774,8448
2300,Reverse,msd_radix,0.8128,5548
2300,Reverse,msd_radix_quick,0.41356,39377
2300,AlmostSorted,std_sort,0.22814,55802
2300,AlmostSorted,std_stable_sort,0.19854,28659
2300,AlmostSorted,string_quick,0.47756,55732
2300,AlmostSorted,merge_lcp,5.7968,9836
2300,AlmostSorted,msd_radix,1.1036,5498
2300,AlmostSorted,msd_radix_quick,0.1881,17052
2400,Random,std_sort,0.47048,47310
2400,Random,std_stable_sort,0.454,36045
2400,Random,string_quick,0.399,27472
2400,Random,merge_lcp,5.82854,21584
2400,Random,msd_radix,0.81732,5667
2400,Random,msd_radix_quick,0.20786,12904
2400,Reverse,std_sort,0.11542,36468
2400,Reverse,std_stable_sort,0.16944,17893
2400,Reverse,string_quick,0.85074,99168
2400,Reverse,merge_lcp,4.48948,8907
2400,Reverse,msd_radix,0.88896,5790
2400,Reverse,msd_radix_quick,0.38854,41363
2400,AlmostSorted,std_sort,0.36336,60759
2400,AlmostSorted,std_stable_sort,0.20612,30114
2400,AlmostSorted,string_quick,0.5059,60396
2400,AlmostSorted,merge_lcp,5.2147,10425
2400,AlmostSorted,msd_radix,0.79792,5732
2400,AlmostSorted,msd_radix_quick,0.19304,17750
2500,Random,std_sort,0.41636,49894
2500,Random,std_stable_sort,0.4738,37663
2500,Random,string_quick,0.43554,27135
2500,Random,merge_lcp,5.00232,22656
2500,Random,msd_radix,0.79956,5920
2500,Random,msd_radix_quick,0.21856,13569
2500,Reverse,std_sort,0.12564,37906
2500,Reverse,std_stable_sort,0.14442,18693
2500,Reverse,string_quick,0.8633,105184
2500,Reverse,merge_lcp,4.8417,9291
2500,Reverse,msd_radix,0.84922,6030
2500,Reverse,msd_radix_quick,0.42946,42817
2500,AlmostSorted,std_sort,0.3282,70250
2500,AlmostSorted,std_stable_sort,0.16392,31181
2500,AlmostSorted,string_quick,0.48822,65404
2500,AlmostSorted,merge_lcp,4.54188,10824
2500,AlmostSorted,msd_radix,0.75328,5965
2500,AlmostSorted,msd_radix_quick,0.16786,18483
2600,Random,std_sort,0.36462,52052
2600,Random,std_stable_sort,0.45024,39285
2600,Random,string_quick,0.39986,28361
2600,Random,merge_lcp,5.17118,23645
2600,Random,msd_radix,0.8575,6182
2600,Random,msd_radix_quick,0.2184,14324
2600,Reverse,std_sort,0.12304,39243
2600,Reverse,std_stable_sort,0.15514,19645
2600,Reverse,string_quick,0.84706,112189
2600,Reverse,merge_lcp,4.78682,9737
2600,Reverse,msd_radix,0.87282,6278
2600,Reverse,msd_radix_quick,0.36398,44588
2600,AlmostSorted,std_sort,0.24306,70847
2600,AlmostSorted,std_stable_sort,0.14592,32255
2600,AlmostSorted,string_quick,0.53488,69650
2600,AlmostSorted,merge_lcp,4.20016,11523
2600,AlmostSorted,msd_radix,1.03646,6226
2600,AlmostSorted,msd_radix_quick,0.1706,19277
2700,Random,std_sort,0.41506,54262
2700,Random,std_stable_sort,0.35788,41593
2700,Random,string_quick,0.46916,29949
2700,Random,merge_lcp,4.91828,24710
2700,Random,msd_radix,0.88822,6451
2700,Random,msd_radix_quick,0.21262,15051
2700,Reverse,std_sort,0.16776,40523
2700,Reverse,std_stable_sort,0.14454,20543
2700,Reverse,string_quick,0.84732,120683
2700,Reverse,merge_lcp,5.66398,9923
2700,Reverse,msd_radix,1.0878,6515
2700,Reverse,msd_radix_quick,0.456,46287
2700,AlmostSorted,std_sort,0.27392,57372
2700,AlmostSorted,std_stable_sort,0.21372,34255
2700,AlmostSorted,string_quick,0.58104,74992
2700,AlmostSorted,merge_lcp,6.28232,11908
2700,AlmostSorted,msd_radix,1.03776,6466
2700,AlmostSorted,msd_radix_quick,0.26886,19994
2800,Random,std_sort,0.57114,55005
2800,Random,std_stable_sort,0.51456,43177
2800,Random,string_quick,0.46862,32899
2800,Random,merge_lcp,5.98838,25742
2800,Random,msd_radix,1.26054,6729
2800,Random,msd_radix_quick,0.25754,15634
2800,Reverse,std_sort,0.15008,41603
2800,Reverse,std_stable_sort,0.20926,21332
2800,Reverse,string_quick,0.96464,128268
2800,Reverse,merge_lcp,5.80404,10362
2800,Reverse,msd_radix,1.0576,6754
2800,Reverse,msd_radix_quick,0.39684,47757
2800,AlmostSorted,std_sort,0.17528,46880
2800,AlmostSorted,std_stable_sort,0.31164,35382
2800,AlmostSorted,string_quick,0.58482,79959
2800,AlmostSorted,merge_lcp,6.29154,12413
2800,AlmostSorted,msd_radix,0.9598,6708
2800,AlmostSorted,msd_radix_quick,0.2855,20687
2900,Random,std_sort,0.5028,59241
2900,Random,std_stable_sort,0.53312,44773
2900,Random,string_quick,0.59158,31940
2900,Random,merge_lcp,7.00182,26834
2900,Random,msd_radix,1.3102,6989
2900,Random,msd_radix_quick,0.36122,16320
2900,Reverse,std_sort,0.1884,42890
2900,Reverse,std_stable_sort,0.18686,22053
2900,Reverse,string_quick,1.21052,136172
2900,Reverse,merge_lcp,6.10208,10573
2900,Reverse,msd_radix,1.0846,6991
2900,Reverse,msd_radix_quick,0.45434,49563
2900,AlmostSorted,std_sort,0.17454,49337
2900,AlmostSorted,std_stable_sort,0.1973,36658
2900,AlmostSorted,string_quick,0.64754,85518
2900,AlmostSorted,merge_lcp,5.9832,12855
2900,AlmostSorted,msd_radix,1.09124,6951
2900,AlmostSorted,msd_radix_quick,0.22612,21458
3000,Random,std_sort,0.73024,62113
3000,Random,std_stable_sort,0.86488,46386
3000,Random,string_quick,0.94622,37012
3000,Random,merge_lcp,8.73904,27864
3000,Random,msd_radix,1.46858,7259
3000,Random,msd_radix_quick,0.30892,16983
3000,Reverse,std_sort,0.24632,44170
3000,Reverse,std_stable_sort,0.3603,22895
3000,Reverse,string_quick,1.89764,146713
3000,Reverse,merge_lcp,9.52106,11002
3000,Reverse,msd_radix,1.82298,7225
3000,Reverse,msd_radix_quick,1.0987,51188
3000,AlmostSorted,std_sort,0.37424,56863
3000,AlmostSorted,std_stable_sort,0.5508,37221
3000,AlmostSorted,string_quick,1.74704,89736
3000,AlmostSorted,merge_lcp,14.5656,13247
3000,AlmostSorted,msd_radix,2.2416,7206
3000,AlmostSorted,msd_radix_quick,0.48244,22152
